{
  "scenes": [
    {
      "scene": "HCM0181",
      "count": 60,
      "missing": [],
      "psnr": 19.297326955123047,
      "ssim": 0.6024672015103852,
      "lpips": 0.24334703981876374,
      "score": 0.6763746140768406
    },
    {
      "scene": "hcm0031",
      "count": 50,
      "missing": [],
      "psnr": 20.267294971945987,
      "ssim": 0.5958402812643802,
      "lpips": 0.2450857299566269,
      "score": 0.6833907421161232
    }
  ],
  "mean_psnr": 19.782310963534517,
  "mean_ssim": 0.5991537413873826,
  "mean_lpips": 0.24421638488769531,
  "mean_score": 0.679882678096482,
  "psnr_max": 30.0
}
