{
  "scenes": [
    {
      "scene": "HCM0181",
      "count": 60,
      "missing": [],
      "psnr": 20.8439321903886,
      "ssim": 0.6157240364328782,
      "lpips": 0.4411540428797404,
      "score": 0.6166949156818532
    },
    {
      "scene": "hcm0031",
      "count": 50,
      "missing": [],
      "psnr": 21.856637381708634,
      "ssim": 0.6077230706474662,
      "lpips": 0.452771360874176,
      "score": 0.6197747506616558
    }
  ],
  "mean_psnr": 21.35028478604862,
  "mean_ssim": 0.6117235535401722,
  "mean_lpips": 0.4469627018769582,
  "mean_score": 0.6182348331717544,
  "psnr_max": 30.0
}
