{
  "target_mib": 349.0,
  "base_q97_mib": 325.91368198394775,
  "full_q98_mib": 369.81266593933105,
  "selected_q98_count": 215,
  "selected_delta_mib_approx": 23.0859375,
  "actual_image_bytes": 366068610,
  "actual_image_mib": 349.11023139953613,
  "q98_files": [
    "HCM0249/DJI_20241229095018_0006_V.JPG",
    "HCM0249/DJI_20241229095035_0023_V.JPG",
    "HCM0249/DJI_20241229095038_0026_V.JPG",
    "HCM0249/DJI_20241229095047_0035_V.JPG",
    "HCM0249/DJI_20241229095122_0039_V.JPG",
    "HCM0249/DJI_20241229095136_0053_V.JPG",
    "HCM0249/DJI_20241229095137_0054_V.JPG",
    "HCM0249/DJI_20241229095138_0055_V.JPG",
    "HCM0249/DJI_20241229095143_0060_V.JPG",
    "HCM0249/DJI_20241229095147_0064_V.JPG",
    "HCM0249/DJI_20241229095157_0074_V.JPG",
    "HCM0249/DJI_20241229095159_0076_V.JPG",
    "HCM0249/DJI_20241229095203_0080_V.JPG",
    "HCM0249/DJI_20241229095209_0086_V.JPG",
    "HCM0249/DJI_20241229095212_0089_V.JPG",
    "HCM0249/DJI_20241229095245_0104_V.JPG",
    "HCM0249/DJI_20241229095247_0106_V.JPG",
    "HCM0249/DJI_20241229095248_0107_V.JPG",
    "HCM0249/DJI_20241229095257_0116_V.JPG",
    "HCM0249/DJI_20241229095300_0119_V.JPG",
    "HCM0249/DJI_20241229095334_0134_V.JPG",
    "HCM0249/DJI_20241229095347_0147_V.JPG",
    "HCM0249/DJI_20241229095355_0155_V.JPG",
    "HCM0249/DJI_20241229095357_0157_V.JPG",
    "HCM0249/DJI_20241229095430_0161_V.JPG",
    "HCM0249/DJI_20241229095437_0168_V.JPG",
    "HCM0249/DJI_20241229095440_0171_V.JPG",
    "HCM0249/DJI_20241229095444_0175_V.JPG",
    "HCM0249/DJI_20241229095456_0187_V.JPG",
    "HCM0249/DJI_20241229095502_0193_V.JPG",
    "HCM0249/DJI_20241229095503_0194_V.JPG",
    "HCM0249/DJI_20241229095548_0196_V.JPG",
    "HCM0249/DJI_20241229095549_0197_V.JPG",
    "HCM0249/DJI_20241229095550_0198_V.JPG",
    "HCM0249/DJI_20241229095605_0209_V.JPG",
    "HCM0249/DJI_20241229095606_0210_V.JPG",
    "HCM0249/DJI_20241229095615_0219_V.JPG",
    "HCM0249/DJI_20241229095618_0222_V.JPG",
    "HCM0249/DJI_20241229095629_0228_V.JPG",
    "HCM0249/DJI_20241229095630_0229_V.JPG",
    "HCM0249/DJI_20241229095632_0231_V.JPG",
    "HCM0249/DJI_20241229095636_0235_V.JPG",
    "HCM0249/DJI_20241229095637_0236_V.JPG",
    "HCM0249/DJI_20241229095643_0237_V.JPG",
    "HCM0249/DJI_20241229095647_0241_V.JPG",
    "HCM0249/DJI_20241229095714_0262_V.JPG",
    "HCM0249/DJI_20241229095715_0263_V.JPG",
    "HCM0249/DJI_20241229095717_0265_V.JPG",
    "HCM0249/DJI_20241229095730_0269_V.JPG",
    "HCM0249/DJI_20241229095734_0273_V.JPG",
    "HCM0249/DJI_20241229095736_0275_V.JPG",
    "HCM0249/DJI_20241229095738_0277_V.JPG",
    "HCM0249/DJI_20241229095756_0285_V.JPG",
    "HCM0249/DJI_20241229095758_0287_V.JPG",
    "HCM0249/DJI_20241229095800_0289_V.JPG",
    "HCM0249/DJI_20241229095801_0290_V.JPG",
    "HCM0249/DJI_20241229095825_0303_V.JPG",
    "HCM0249/DJI_20241229095829_0307_V.JPG",
    "HCM0249/DJI_20241229095831_0309_V.JPG",
    "HCM0254/DJI_20241229105811_0009_V.JPG",
    "HCM0254/DJI_20241229105815_0013_V.JPG",
    "HCM0254/DJI_20241229105818_0016_V.JPG",
    "HCM0254/DJI_20241229105820_0018_V.JPG",
    "HCM0254/DJI_20241229105823_0021_V.JPG",
    "HCM0254/DJI_20241229105828_0026_V.JPG",
    "HCM0254/DJI_20241229105829_0027_V.JPG",
    "HCM0254/DJI_20241229105830_0028_V.JPG",
    "HCM0254/DJI_20241229105839_0037_V.JPG",
    "HCM0254/DJI_20241229105902_0040_V.JPG",
    "HCM0254/DJI_20241229105906_0044_V.JPG",
    "HCM0254/DJI_20241229105910_0048_V.JPG",
    "HCM0254/DJI_20241229105912_0050_V.JPG",
    "HCM0254/DJI_20241229105919_0057_V.JPG",
    "HCM0254/DJI_20241229105928_0066_V.JPG",
    "HCM0254/DJI_20241229105933_0071_V.JPG",
    "HCM0254/DJI_20241229110102_0109_V.JPG",
    "HCM0254/DJI_20241229110105_0112_V.JPG",
    "HCM0254/DJI_20241229110106_0113_V.JPG",
    "HCM0254/DJI_20241229110107_0114_V.JPG",
    "HCM0254/DJI_20241229110109_0116_V.JPG",
    "HCM0254/DJI_20241229110113_0120_V.JPG",
    "HCM0254/DJI_20241229110121_0128_V.JPG",
    "HCM0254/DJI_20241229110122_0129_V.JPG",
    "HCM0254/DJI_20241229110132_0139_V.JPG",
    "HCM0254/DJI_20241229110135_0142_V.JPG",
    "HCM0254/DJI_20241229110253_0165_V.JPG",
    "HCM0254/DJI_20241229110302_0174_V.JPG",
    "HCM0254/DJI_20241229110303_0175_V.JPG",
    "HCM0254/DJI_20241229110312_0184_V.JPG",
    "HCM0254/DJI_20241229110313_0185_V.JPG",
    "HCM0254/DJI_20241229110314_0186_V.JPG",
    "HCM0254/DJI_20241229110340_0195_V.JPG",
    "HCM0254/DJI_20241229110341_0196_V.JPG",
    "HCM0254/DJI_20241229110344_0199_V.JPG",
    "HCM0254/DJI_20241229110357_0212_V.JPG",
    "HCM0254/DJI_20241229110403_0218_V.JPG",
    "HCM0254/DJI_20241229110407_0222_V.JPG",
    "HCM0254/DJI_20241229110409_0224_V.JPG",
    "HCM0254/DJI_20241229110431_0230_V.JPG",
    "HCM0254/DJI_20241229110432_0231_V.JPG",
    "HCM0254/DJI_20241229110435_0234_V.JPG",
    "HCM0254/DJI_20241229110444_0243_V.JPG",
    "HCM0254/DJI_20241229110458_0248_V.JPG",
    "HCM0254/DJI_20241229110459_0249_V.JPG",
    "HCM0254/DJI_20241229110500_0250_V.JPG",
    "HCM0254/DJI_20241229110506_0256_V.JPG",
    "HCM0254/DJI_20241229110517_0262_V.JPG",
    "HCM0254/DJI_20241229110533_0272_V.JPG",
    "HCM0254/DJI_20241229110539_0278_V.JPG",
    "HCM0254/DJI_20241229110542_0281_V.JPG",
    "HCM0254/DJI_20241229110618_0306_V.JPG",
    "HCM0254/DJI_20241229110620_0308_V.JPG",
    "HCM0254/DJI_20241229110634_0316_V.JPG",
    "HCM0254/DJI_20241229110636_0318_V.JPG",
    "HCM0254/DJI_20241229110642_0324_V.JPG",
    "HCM0254/DJI_20241229110644_0326_V.JPG",
    "HCM0254/DJI_20241229110701_0339_V.JPG",
    "HCM0254/DJI_20241229110703_0341_V.JPG",
    "HCM0254/DJI_20241229110706_0344_V.JPG",
    "HCM0276/DJI_20241229123136_0007_V.JPG",
    "HCM0276/DJI_20241229123139_0010_V.JPG",
    "HCM0276/DJI_20241229123201_0032_V.JPG",
    "HCM0276/DJI_20241229123221_0038_V.JPG",
    "HCM0276/DJI_20241229123222_0039_V.JPG",
    "HCM0276/DJI_20241229123233_0050_V.JPG",
    "HCM0276/DJI_20241229123246_0063_V.JPG",
    "HCM0276/DJI_20241229123247_0064_V.JPG",
    "HCM0276/DJI_20241229123305_0071_V.JPG",
    "HCM0276/DJI_20241229123308_0074_V.JPG",
    "HCM0276/DJI_20241229123310_0076_V.JPG",
    "HCM0276/DJI_20241229123313_0079_V.JPG",
    "HCM0276/DJI_20241229123318_0084_V.JPG",
    "HCM0276/DJI_20241229123319_0085_V.JPG",
    "HCM0276/DJI_20241229123320_0086_V.JPG",
    "HCM0276/DJI_20241229123325_0091_V.JPG",
    "HCM0276/DJI_20241229123327_0093_V.JPG",
    "HCM0276/DJI_20241229123419_0107_V.JPG",
    "HCM0276/DJI_20241229123422_0110_V.JPG",
    "HCM0276/DJI_20241229123424_0112_V.JPG",
    "HCM0276/DJI_20241229123427_0115_V.JPG",
    "HCM0276/DJI_20241229123428_0116_V.JPG",
    "HCM0276/DJI_20241229123429_0117_V.JPG",
    "HCM0276/DJI_20241229123431_0119_V.JPG",
    "HCM0276/DJI_20241229123432_0120_V.JPG",
    "HCM0276/DJI_20241229123433_0121_V.JPG",
    "HCM0276/DJI_20241229123441_0129_V.JPG",
    "HCM0276/DJI_20241229123457_0135_V.JPG",
    "HCM0276/DJI_20241229123506_0144_V.JPG",
    "HCM0276/DJI_20241229123507_0145_V.JPG",
    "HCM0276/DJI_20241229123508_0146_V.JPG",
    "HCM0276/DJI_20241229123510_0148_V.JPG",
    "HCM0276/DJI_20241229123643_0201_V.JPG",
    "HCM0276/DJI_20241229123646_0204_V.JPG",
    "HCM0276/DJI_20241229123651_0209_V.JPG",
    "HCM0276/DJI_20241229123653_0211_V.JPG",
    "HCM0276/DJI_20241229123705_0223_V.JPG",
    "HCM0276/DJI_20241229123810_0242_V.JPG",
    "HCM0276/DJI_20241229123821_0253_V.JPG",
    "HCM0276/DJI_20241229123824_0256_V.JPG",
    "HCM0276/DJI_20241229123834_0260_V.JPG",
    "HCM0276/DJI_20241229123840_0266_V.JPG",
    "HCM0276/DJI_20241229123843_0269_V.JPG",
    "HCM0276/DJI_20241229123844_0270_V.JPG",
    "HCM0276/DJI_20241229123845_0271_V.JPG",
    "HCM0276/DJI_20241229123846_0272_V.JPG",
    "HCM0276/DJI_20241229123858_0278_V.JPG",
    "HCM0276/DJI_20241229123859_0279_V.JPG",
    "HCM0276/DJI_20241229123907_0287_V.JPG",
    "HCM0276/DJI_20241229123916_0291_V.JPG",
    "HCM0276/DJI_20241229123917_0292_V.JPG",
    "HCM0276/DJI_20241229123918_0293_V.JPG",
